<?xml version="1.0" encoding="UTF-8"?>
<data>
   <entity name="A" id="1">
      <attribute name="name" id="1" />
      <attribute name="type" id="2" />
      <key>1,2</key>
   </entity>
   <entity name="B" id="2">
      <attribute name="name" id="1" />
      <attribute name="type" id="2" />
      <key>1</key>
   </entity>
   <entity name="C" id="3">
      <attribute name="name" id="1" />
      <attribute name="type" id="2" />
      <key>2</key>
   </entity>
   <entity name="D" id="4">
      <attribute name="name" id="1" />
      <attribute name="type" id="2" />
   </entity>
</data>