<?xml version="1.0" encoding="UTF-8"?>
<data>
   <entity name="A" id="1">
      <attribute name="name" id="1" />
      <attribute name="type" id="2" />
      <key>1,2</key>
   </entity>
   <entity name="B" id="2">
      <attribute name="name" id="1" />
      <attribute name="type" id="2" />
      <key>1</key>
   </entity>
   <entity name="C" id="3">
      <attribute name="name" id="1" />
      <attribute name="type" id="2" />
      <key>2</key>
   </entity>
   <entity name="D" id="4">
      <attribute name="name" id="1" />
      <attribute name="type" id="2" />
   </entity>
   <relationship name="AB" id="1">
      <attribute entity_id="1" max_participation="1" min_participation="1" />
      <attribute entity_id="2" max_participation="N" min_participation="1" />
      <attribute name="C"/> 
   </relationship>
   <relationship name="AC" id="2">
      <attribute entity_id="1" max_participation="1" min_participation="1" />
      <attribute entity_id="3" max_participation="1" min_participation="1" />
   </relationship>
   <relationship name="AD" id="3">
      <attribute entity_id="1" max_participation="1" min_participation="1" />
      <attribute entity_id="4" max_participation="1" min_participation="1" />
      <attribute name="C"/> 
   </relationship>
   <relationship name="AA" id="4">
      <attribute entity_id="1" max_participation="1" min_participation="1" />
      <attribute name="C"/> 
   </relationship>
</data>