<?xml version="1.0" encoding="UTF-8"?>
<data>
   <entity name="Student" id="1">
      // the id may not be consecutive integer, it could be other string.
      <attribute name="SName" id="1" type="string" />
      <attribute name="Matric" id="2" />
      <attribute id="3" relation_id="2" />
      <!-- Weak Entity -->
      <key>1,2</key>
      <key>1,3</key>
   </entity>
   <entity name="University" id="2">
      <attribute name="UName" id="1" />
      <key>1</key>
   </entity>
   <relationship name="Student of" id="1">
      <attribute entity_id="1" max_participation="N" min_participation="1" />
      <attribute entity_id="2" max_participation="N" min_participation="1" />
      <!-- Aggregation -->
      <attribute max_participation="N" min_participation="1" relation_id="2" />
      <attribute name="Matriculation Date" />
   </relationship>
</data>