<?xml version="1.0" encoding="UTF-8"?>
<data>
   <entity name="A" id="1">
      <attribute name="name" id="1" />
      <attribute name="type" id="2" />
      <attribute name="name11" id="3" />
      <attribute name="type22" id="4" />
      <attribute name="name33" id="5" />
      <attribute name="type44" id="6" />
      <attribute name="name55" id="7" />
      <attribute name="type66" id="8" />
      <key>1,2,3,4,5,6,7,8</key>
   </entity>
   <entity name="B" id="2">
      <attribute name="name" id="1" />
      <attribute name="type" id="2" />
      <attribute name="name11" id="3" />
      <attribute name="type22" id="4" />
      <attribute name="name33" id="5" />
      <attribute name="type44" id="6" />
      <attribute name="name55" id="7" />
      <attribute name="type66" id="8" />
      <key>1,2,3,4,5,6,7,8</key>
   </entity>
   <entity name="C" id="3">
      <attribute name="name" id="1" />
      <attribute name="type" id="2" />
      <attribute name="name11" id="3" />
      <attribute name="type22" id="4" />
      <attribute name="name33" id="5" />
      <attribute name="type44" id="6" />
      <attribute name="name55" id="7" />
      <attribute name="type66" id="8" />
      <key>1,2,3,4,5,6,7,8</key>
   </entity>
   <relationship name="AB" id="1">
      <attribute entity_id="1" max_participation="1" min_participation="1" />
      <attribute entity_id="2" max_participation="1" min_participation="1" />
      <attribute name="T"/> 
   </relationship>
   <relationship name="AC" id="1">
      <attribute entity_id="1" max_participation="N" min_participation="1" />
      <attribute entity_id="3" max_participation="N" min_participation="1" />
      <attribute name="T"/> 
   </relationship>
   <relationship name="BC" id="1">
      <attribute entity_id="2" max_participation="1" min_participation="1" />
      <attribute entity_id="3" max_participation="N" min_participation="1" />
      <attribute name="T"/> 
   </relationship>
</data>